{"cameraMode":{"drawMode":0,"name":"Shaded","section":"Shading Mode"},"sceneLighting":true,"audioPlay":false,"sceneViewState":{"showFog":false,"showMaterialUpdate":false,"showSkybox":false,"showFlares":false,"showImageEffects":false,"showParticleSystems":false},"in2DMode":false,"pivot":{"x":63.8869743347168,"y":-57.83625030517578,"z":9.82766342163086},"rotation":{"x":-0.2807775139808655,"y":-0.6059499979019165,"z":0.24168473482131959,"w":-0.7039848566055298},"size":97.49281311035156,"orthographic":false}