{"cameraMode":{"drawMode":0,"name":"Shaded","section":"Shading Mode"},"sceneLighting":false,"audioPlay":false,"sceneViewState":{"showFog":false,"showMaterialUpdate":false,"showSkybox":false,"showFlares":false,"showImageEffects":false,"showParticleSystems":false},"in2DMode":false,"pivot":{"x":3.307177782058716,"y":1.9180856943130494,"z":0.9160582423210144},"rotation":{"x":-0.11126202344894409,"y":0.48393598198890688,"z":-0.06219013035297394,"w":-0.8657748699188232},"size":3.0300164222717287,"orthographic":false}