{"cameraMode":{"drawMode":0,"name":"Shaded","section":"Shading Mode"},"sceneLighting":false,"audioPlay":false,"sceneViewState":{"showFog":false,"showMaterialUpdate":false,"showSkybox":false,"showFlares":false,"showImageEffects":false,"showParticleSystems":false},"in2DMode":false,"pivot":{"x":-0.06206831336021423,"y":1.8399531841278077,"z":-2.8276009559631349},"rotation":{"x":-0.1088392361998558,"y":0.49953678250312807,"z":-0.06343329697847367,"w":-0.8570890426635742},"size":4.83001708984375,"orthographic":false}